support,itemsets
0.9611245628194781,frozenset({'Entrep. Activities_None'})
0.9552058111380145,frozenset({'Other Income NEC_None'})
0.8488027979553403,frozenset({'Livestocks_None'})
0.7153618509550713,frozenset({'Farming_None'})
0.6802528921172989,frozenset({'Logistics and Manufacturing_None'})
0.3299704062415927,frozenset({'Passive Income_Medium'})
0.32983588915792306,frozenset({'Salaries/Wages_Medium'})
0.24401398977670163,frozenset({'Cash Receipts_None'})
0.34005918751681463,frozenset({'Passive Income_High'})
0.33965563626580575,frozenset({'Salaries/Wages_High'})
0.32082324455205813,frozenset({'Cash Receipts_Medium'})
0.3197471078827011,frozenset({'Logistics and Manufacturing_High'})
0.1213344094700027,frozenset({'Salaries/Wages_Low'})
0.2846381490449287,frozenset({'Farming_High'})
0.339924670433145,frozenset({'Cash Receipts_High'})
0.15119720204465967,frozenset({'Livestocks_High'})
0.2091740651062685,frozenset({'Salaries/Wages_None'})
0.24441754102771052,frozenset({'Passive Income_Low'})
0.9195587839655637,"frozenset({'Entrep. Activities_None', 'Other Income NEC_None'})"
0.8145009416195856,"frozenset({'Entrep. Activities_None', 'Livestocks_None'})"
0.8123486682808717,"frozenset({'Other Income NEC_None', 'Livestocks_None'})"
0.7810061877858488,"frozenset({'Entrep. Activities_None', 'Livestocks_None', 'Other Income NEC_None'})"
0.6875168146354587,"frozenset({'Other Income NEC_None', 'Farming_None'})"
0.6830777508743611,"frozenset({'Entrep. Activities_None', 'Farming_None'})"
0.6408393866020985,"frozenset({'Livestocks_None', 'Farming_None'})"
0.657923056228141,"frozenset({'Other Income NEC_None', 'Entrep. Activities_None', 'Farming_None'})"
0.6167608286252354,"frozenset({'Other Income NEC_None', 'Livestocks_None', 'Farming_None'})"
0.6113801452784504,"frozenset({'Entrep. Activities_None', 'Livestocks_None', 'Farming_None'})"
0.5898574118913102,"frozenset({'Other Income NEC_None', 'Livestocks_None', 'Entrep. Activities_None', 'Farming_None'})"
0.6576540220608017,"frozenset({'Entrep. Activities_None', 'Logistics and Manufacturing_None'})"
0.6532149582997041,"frozenset({'Other Income NEC_None', 'Logistics and Manufacturing_None'})"
0.5742534301856336,"frozenset({'Livestocks_None', 'Logistics and Manufacturing_None'})"
0.46879203658864677,"frozenset({'Farming_None', 'Logistics and Manufacturing_None'})"
0.6326338444982513,"frozenset({'Entrep. Activities_None', 'Other Income NEC_None', 'Logistics and Manufacturing_None'})"
0.5544794188861986,"frozenset({'Entrep. Activities_None', 'Livestocks_None', 'Logistics and Manufacturing_None'})"
0.5529997309658327,"frozenset({'Other Income NEC_None', 'Livestocks_None', 'Logistics and Manufacturing_None'})"
0.5351089588377724,"frozenset({'Entrep. Activities_None', 'Livestocks_None', 'Other Income NEC_None', 'Logistics and Manufacturing_None'})"
0.45278450363196127,"frozenset({'Other Income NEC_None', 'Farming_None', 'Logistics and Manufacturing_None'})"
0.44982512779122946,"frozenset({'Entrep. Activities_None', 'Farming_None', 'Logistics and Manufacturing_None'})"
0.4184826472962066,"frozenset({'Livestocks_None', 'Farming_None', 'Logistics and Manufacturing_None'})"
0.43570083400591875,"frozenset({'Other Income NEC_None', 'Entrep. Activities_None', 'Farming_None', 'Logistics and Manufacturing_None'})"
0.4052999730965833,"frozenset({'Other Income NEC_None', 'Livestocks_None', 'Farming_None', 'Logistics and Manufacturing_None'})"
0.4012644605864945,"frozenset({'Entrep. Activities_None', 'Livestocks_None', 'Farming_None', 'Logistics and Manufacturing_None'})"
0.3898305084745763,"frozenset({'Other Income NEC_None', 'Logistics and Manufacturing_None', 'Livestocks_None', 'Farming_None', 'Entrep. Activities_None'})"
0.3178638687113263,"frozenset({'Entrep. Activities_None', 'Passive Income_Medium'})"
0.3146354587032553,"frozenset({'Other Income NEC_None', 'Passive Income_Medium'})"
0.26634382566585957,"frozenset({'Livestocks_None', 'Passive Income_Medium'})"
0.226257734732311,"frozenset({'Passive Income_Medium', 'Logistics and Manufacturing_None'})"
0.21482378262039278,"frozenset({'Passive Income_Medium', 'Farming_None'})"
0.10209846650524616,"frozenset({'Cash Receipts_High', 'Passive Income_Medium'})"
0.3037395749260156,"frozenset({'Entrep. Activities_None', 'Other Income NEC_None', 'Passive Income_Medium'})"
0.25585149313962874,"frozenset({'Entrep. Activities_None', 'Livestocks_None', 'Passive Income_Medium'})"
0.2546408393866021,"frozenset({'Other Income NEC_None', 'Livestocks_None', 'Passive Income_Medium'})"
0.24522464352972828,"frozenset({'Entrep. Activities_None', 'Livestocks_None', 'Other Income NEC_None', 'Passive Income_Medium'})"
0.21980091471616894,"frozenset({'Entrep. Activities_None', 'Passive Income_Medium', 'Logistics and Manufacturing_None'})"
0.21724509012644605,"frozenset({'Other Income NEC_None', 'Passive Income_Medium', 'Logistics and Manufacturing_None'})"
0.18227064837234327,"frozenset({'Livestocks_None', 'Passive Income_Medium', 'Logistics and Manufacturing_None'})"
0.21159537261232175,"frozenset({'Entrep. Activities_None', 'Other Income NEC_None', 'Passive Income_Medium', 'Logistics and Manufacturing_None'})"
0.17675544794188863,"frozenset({'Entrep. Activities_None', 'Livestocks_None', 'Passive Income_Medium', 'Logistics and Manufacturing_None'})"
0.1756793112725316,"frozenset({'Other Income NEC_None', 'Livestocks_None', 'Passive Income_Medium', 'Logistics and Manufacturing_None'})"
0.17083669626042508,"frozenset({'Other Income NEC_None', 'Logistics and Manufacturing_None', 'Passive Income_Medium', 'Livestocks_None', 'Entrep. Activities_None'})"
0.20527306967984935,"frozenset({'Entrep. Activities_None', 'Passive Income_Medium', 'Farming_None'})"
0.2050040355125101,"frozenset({'Other Income NEC_None', 'Passive Income_Medium', 'Farming_None'})"
0.1833467850417003,"frozenset({'Livestocks_None', 'Passive Income_Medium', 'Farming_None'})"
0.1415119720204466,"frozenset({'Passive Income_Medium', 'Farming_None', 'Logistics and Manufacturing_None'})"
0.1962604250739844,"frozenset({'Entrep. Activities_None', 'Other Income NEC_None', 'Passive Income_Medium', 'Farming_None'})"
0.17541027710519236,"frozenset({'Other Income NEC_None', 'Livestocks_None', 'Passive Income_Medium', 'Farming_None'})"
0.17500672585418348,"frozenset({'Entrep. Activities_None', 'Livestocks_None', 'Passive Income_Medium', 'Farming_None'})"
0.16774280333602368,"frozenset({'Other Income NEC_None', 'Passive Income_Medium', 'Livestocks_None', 'Farming_None', 'Entrep. Activities_None'})"
0.13640032284100082,"frozenset({'Entrep. Activities_None', 'Passive Income_Medium', 'Farming_None', 'Logistics and Manufacturing_None'})"
0.1362658057573312,"frozenset({'Other Income NEC_None', 'Passive Income_Medium', 'Farming_None', 'Logistics and Manufacturing_None'})"
0.12012375571697606,"frozenset({'Livestocks_None', 'Passive Income_Medium', 'Farming_None', 'Logistics and Manufacturing_None'})"
0.1318267419962335,"frozenset({'Other Income NEC_None', 'Logistics and Manufacturing_None', 'Passive Income_Medium', 'Farming_None', 'Entrep. Activities_None'})"
0.11608824320688728,"frozenset({'Other Income NEC_None', 'Logistics and Manufacturing_None', 'Passive Income_Medium', 'Livestocks_None', 'Farming_None'})"
0.1156846919558784,"frozenset({'Logistics and Manufacturing_None', 'Passive Income_Medium', 'Livestocks_None', 'Farming_None', 'Entrep. Activities_None'})"
0.11218724778046812,"frozenset({'Other Income NEC_None', 'Logistics and Manufacturing_None', 'Passive Income_Medium', 'Livestocks_None', 'Farming_None', 'Entrep. Activities_None'})"
0.3163841807909605,"frozenset({'Entrep. Activities_None', 'Salaries/Wages_Medium'})"
0.3120796341135324,"frozenset({'Other Income NEC_None', 'Salaries/Wages_Medium'})"
0.2819478073715362,"frozenset({'Livestocks_None', 'Salaries/Wages_Medium'})"
0.2397094430992736,"frozenset({'Salaries/Wages_Medium', 'Farming_None'})"
0.22854452515469464,"frozenset({'Salaries/Wages_Medium', 'Logistics and Manufacturing_None'})"
0.12052730696798493,"frozenset({'Passive Income_Medium', 'Salaries/Wages_Medium'})"
0.11972020446596718,"frozenset({'Salaries/Wages_Medium', 'Passive Income_High'})"
0.10976594027441484,"frozenset({'Cash Receipts_High', 'Salaries/Wages_Medium'})"
0.29970406241592684,"frozenset({'Entrep. Activities_None', 'Other Income NEC_None', 'Salaries/Wages_Medium'})"
0.2701103040086091,"frozenset({'Entrep. Activities_None', 'Livestocks_None', 'Salaries/Wages_Medium'})"
0.2674199623352166,"frozenset({'Other Income NEC_None', 'Livestocks_None', 'Salaries/Wages_Medium'})"
0.2565240785579769,"frozenset({'Entrep. Activities_None', 'Livestocks_None', 'Other Income NEC_None', 'Salaries/Wages_Medium'})"
0.22854452515469464,"frozenset({'Other Income NEC_None', 'Salaries/Wages_Medium', 'Farming_None'})"
0.22841000807102502,"frozenset({'Entrep. Activities_None', 'Salaries/Wages_Medium', 'Farming_None'})"
0.2149582997040624,"frozenset({'Livestocks_None', 'Salaries/Wages_Medium', 'Farming_None'})"
0.21818670971213344,"frozenset({'Other Income NEC_None', 'Entrep. Activities_None', 'Salaries/Wages_Medium', 'Farming_None'})"
0.20513855259617972,"frozenset({'Other Income NEC_None', 'Livestocks_None', 'Salaries/Wages_Medium', 'Farming_None'})"
0.20486951842884046,"frozenset({'Entrep. Activities_None', 'Livestocks_None', 'Salaries/Wages_Medium', 'Farming_None'})"
0.1958568738229755,"frozenset({'Other Income NEC_None', 'Salaries/Wages_Medium', 'Livestocks_None', 'Farming_None', 'Entrep. Activities_None'})"
0.22141511972020447,"frozenset({'Entrep. Activities_None', 'Salaries/Wages_Medium', 'Logistics and Manufacturing_None'})"
0.2169760559591068,"frozenset({'Other Income NEC_None', 'Salaries/Wages_Medium', 'Logistics and Manufacturing_None'})"
0.19357008340059187,"frozenset({'Livestocks_None', 'Salaries/Wages_Medium', 'Logistics and Manufacturing_None'})"
0.15980629539951574,"frozenset({'Salaries/Wages_Medium', 'Farming_None', 'Logistics and Manufacturing_None'})"
0.21078827011030402,"frozenset({'Entrep. Activities_None', 'Other Income NEC_None', 'Salaries/Wages_Medium', 'Logistics and Manufacturing_None'})"
0.18724778046811946,"frozenset({'Entrep. Activities_None', 'Livestocks_None', 'Salaries/Wages_Medium', 'Logistics and Manufacturing_None'})"
0.1844229217110573,"frozenset({'Other Income NEC_None', 'Livestocks_None', 'Salaries/Wages_Medium', 'Logistics and Manufacturing_None'})"
0.17890772128060264,"frozenset({'Other Income NEC_None', 'Salaries/Wages_Medium', 'Logistics and Manufacturing_None', 'Livestocks_None', 'Entrep. Activities_None'})"
0.15375302663438256,"frozenset({'Entrep. Activities_None', 'Salaries/Wages_Medium', 'Farming_None', 'Logistics and Manufacturing_None'})"
0.15240785579768631,"frozenset({'Other Income NEC_None', 'Salaries/Wages_Medium', 'Farming_None', 'Logistics and Manufacturing_None'})"
0.1425881086898036,"frozenset({'Livestocks_None', 'Salaries/Wages_Medium', 'Farming_None', 'Logistics and Manufacturing_None'})"
0.14729620661824053,"frozenset({'Other Income NEC_None', 'Salaries/Wages_Medium', 'Logistics and Manufacturing_None', 'Farming_None', 'Entrep. Activities_None'})"
0.13720742534301855,"frozenset({'Salaries/Wages_Medium', 'Logistics and Manufacturing_None', 'Livestocks_None', 'Farming_None', 'Entrep. Activities_None'})"
0.1362658057573312,"frozenset({'Other Income NEC_None', 'Salaries/Wages_Medium', 'Logistics and Manufacturing_None', 'Livestocks_None', 'Farming_None'})"
0.13169222491256388,"frozenset({'Other Income NEC_None', 'Salaries/Wages_Medium', 'Logistics and Manufacturing_None', 'Livestocks_None', 'Farming_None', 'Entrep. Activities_None'})"
0.11581920903954802,"frozenset({'Entrep. Activities_None', 'Passive Income_Medium', 'Salaries/Wages_Medium'})"
0.11353241861716439,"frozenset({'Other Income NEC_None', 'Passive Income_Medium', 'Salaries/Wages_Medium'})"
0.1002152273338714,"frozenset({'Livestocks_None', 'Passive Income_Medium', 'Salaries/Wages_Medium'})"
0.1094969061070756,"frozenset({'Entrep. Activities_None', 'Other Income NEC_None', 'Passive Income_Medium', 'Salaries/Wages_Medium'})"
0.11514662362119989,"frozenset({'Entrep. Activities_None', 'Salaries/Wages_Medium', 'Passive Income_High'})"
0.11191821361312887,"frozenset({'Other Income NEC_None', 'Salaries/Wages_Medium', 'Passive Income_High'})"
0.10761366693570083,"frozenset({'Entrep. Activities_None', 'Other Income NEC_None', 'Salaries/Wages_Medium', 'Passive Income_High'})"
0.10519235942964757,"frozenset({'Entrep. Activities_None', 'Cash Receipts_High', 'Salaries/Wages_Medium'})"
0.10478880817863868,"frozenset({'Other Income NEC_None', 'Cash Receipts_High', 'Salaries/Wages_Medium'})"
0.10034974441754103,"frozenset({'Entrep. Activities_None', 'Cash Receipts_High', 'Other Income NEC_None', 'Salaries/Wages_Medium'})"
0.23580844767285444,"frozenset({'Other Income NEC_None', 'Cash Receipts_None'})"
0.2339252085014797,"frozenset({'Entrep. Activities_None', 'Cash Receipts_None'})"
0.21616895345708906,"frozenset({'Livestocks_None', 'Cash Receipts_None'})"
0.19720204465967178,"frozenset({'Cash Receipts_None', 'Farming_None'})"
0.16720473500134517,"frozenset({'Cash Receipts_None', 'Logistics and Manufacturing_None'})"
0.13303739574926016,"frozenset({'Salaries/Wages_High', 'Cash Receipts_None'})"
0.22652676889965026,"frozenset({'Other Income NEC_None', 'Entrep. Activities_None', 'Cash Receipts_None'})"
0.2091740651062685,"frozenset({'Other Income NEC_None', 'Livestocks_None', 'Cash Receipts_None'})"
0.20675275760021522,"frozenset({'Entrep. Activities_None', 'Livestocks_None', 'Cash Receipts_None'})"
0.2004304546677428,"frozenset({'Other Income NEC_None', 'Livestocks_None', 'Entrep. Activities_None', 'Cash Receipts_None'})"
0.19141781006187786,"frozenset({'Other Income NEC_None', 'Cash Receipts_None', 'Farming_None'})"
0.18832391713747645,"frozenset({'Entrep. Activities_None', 'Cash Receipts_None', 'Farming_None'})"
0.17998385794995964,"frozenset({'Livestocks_None', 'Cash Receipts_None', 'Farming_None'})"
0.18307775087436104,"frozenset({'Other Income NEC_None', 'Entrep. Activities_None', 'Cash Receipts_None', 'Farming_None'})"
0.17473769168684422,"frozenset({'Other Income NEC_None', 'Livestocks_None', 'Cash Receipts_None', 'Farming_None'})"
0.17150928167877322,"frozenset({'Entrep. Activities_None', 'Livestocks_None', 'Cash Receipts_None', 'Farming_None'})"
0.16680118375033628,"frozenset({'Other Income NEC_None', 'Cash Receipts_None', 'Livestocks_None', 'Farming_None', 'Entrep. Activities_None'})"
0.16249663707290826,"frozenset({'Other Income NEC_None', 'Cash Receipts_None', 'Logistics and Manufacturing_None'})"
0.16182405165456012,"frozenset({'Entrep. Activities_None', 'Cash Receipts_None', 'Logistics and Manufacturing_None'})"
0.14595103578154425,"frozenset({'Livestocks_None', 'Cash Receipts_None', 'Logistics and Manufacturing_None'})"
0.130212536992198,"frozenset({'Cash Receipts_None', 'Farming_None', 'Logistics and Manufacturing_None'})"
0.15725047080979285,"frozenset({'Other Income NEC_None', 'Entrep. Activities_None', 'Cash Receipts_None', 'Logistics and Manufacturing_None'})"
0.14178100618778586,"frozenset({'Other Income NEC_None', 'Livestocks_None', 'Cash Receipts_None', 'Logistics and Manufacturing_None'})"
0.1409739036857681,"frozenset({'Entrep. Activities_None', 'Livestocks_None', 'Cash Receipts_None', 'Logistics and Manufacturing_None'})"
0.13693839117567932,"frozenset({'Other Income NEC_None', 'Logistics and Manufacturing_None', 'Cash Receipts_None', 'Livestocks_None', 'Entrep. Activities_None'})"
0.1271186440677966,"frozenset({'Other Income NEC_None', 'Cash Receipts_None', 'Farming_None', 'Logistics and Manufacturing_None'})"
0.12536992198009148,"frozenset({'Entrep. Activities_None', 'Cash Receipts_None', 'Farming_None', 'Logistics and Manufacturing_None'})"
0.11770244821092278,"frozenset({'Livestocks_None', 'Cash Receipts_None', 'Farming_None', 'Logistics and Manufacturing_None'})"
0.1224105461393597,"frozenset({'Other Income NEC_None', 'Logistics and Manufacturing_None', 'Cash Receipts_None', 'Farming_None', 'Entrep. Activities_None'})"
0.11474307237019102,"frozenset({'Other Income NEC_None', 'Logistics and Manufacturing_None', 'Cash Receipts_None', 'Livestocks_None', 'Farming_None'})"
0.1131288673661555,"frozenset({'Logistics and Manufacturing_None', 'Cash Receipts_None', 'Livestocks_None', 'Farming_None', 'Entrep. Activities_None'})"
0.11030400860909335,"frozenset({'Other Income NEC_None', 'Logistics and Manufacturing_None', 'Cash Receipts_None', 'Livestocks_None', 'Farming_None', 'Entrep. Activities_None'})"
0.12940543449018024,"frozenset({'Other Income NEC_None', 'Salaries/Wages_High', 'Cash Receipts_None'})"
0.1285983319881625,"frozenset({'Entrep. Activities_None', 'Salaries/Wages_High', 'Cash Receipts_None'})"
0.12819478073715362,"frozenset({'Salaries/Wages_High', 'Cash Receipts_None', 'Livestocks_None'})"
0.12294861447403821,"frozenset({'Salaries/Wages_High', 'Cash Receipts_None', 'Farming_None'})"
0.1255044390637611,"frozenset({'Other Income NEC_None', 'Salaries/Wages_High', 'Entrep. Activities_None', 'Cash Receipts_None'})"
0.12483185364541297,"frozenset({'Other Income NEC_None', 'Salaries/Wages_High', 'Cash Receipts_None', 'Livestocks_None'})"
0.12389023405972559,"frozenset({'Entrep. Activities_None', 'Salaries/Wages_High', 'Cash Receipts_None', 'Livestocks_None'})"
0.12106537530266344,"frozenset({'Other Income NEC_None', 'Cash Receipts_None', 'Livestocks_None', 'Entrep. Activities_None', 'Salaries/Wages_High'})"
0.12052730696798493,"frozenset({'Salaries/Wages_High', 'Cash Receipts_None', 'Farming_None', 'Livestocks_None'})"
0.12025827280064569,"frozenset({'Other Income NEC_None', 'Salaries/Wages_High', 'Cash Receipts_None', 'Farming_None'})"
0.1187785848802798,"frozenset({'Entrep. Activities_None', 'Salaries/Wages_High', 'Cash Receipts_None', 'Farming_None'})"
0.11783696529459241,"frozenset({'Other Income NEC_None', 'Cash Receipts_None', 'Livestocks_None', 'Farming_None', 'Salaries/Wages_High'})"
0.11649179445789615,"frozenset({'Other Income NEC_None', 'Cash Receipts_None', 'Farming_None', 'Entrep. Activities_None', 'Salaries/Wages_High'})"
0.11649179445789615,"frozenset({'Cash Receipts_None', 'Livestocks_None', 'Farming_None', 'Entrep. Activities_None', 'Salaries/Wages_High'})"
0.11420500403551251,"frozenset({'Other Income NEC_None', 'Cash Receipts_None', 'Livestocks_None', 'Farming_None', 'Entrep. Activities_None', 'Salaries/Wages_High'})"
0.3264729620661824,"frozenset({'Entrep. Activities_None', 'Passive Income_High'})"
0.3206887274683885,"frozenset({'Other Income NEC_None', 'Passive Income_High'})"
0.2819478073715362,"frozenset({'Livestocks_None', 'Passive Income_High'})"
0.2397094430992736,"frozenset({'Passive Income_High', 'Logistics and Manufacturing_None'})"
0.22114608555286522,"frozenset({'Passive Income_High', 'Farming_None'})"
0.30804412160344363,"frozenset({'Entrep. Activities_None', 'Other Income NEC_None', 'Passive Income_High'})"
0.2702448210922787,"frozenset({'Entrep. Activities_None', 'Livestocks_None', 'Passive Income_High'})"
0.2666128598331988,"frozenset({'Other Income NEC_None', 'Livestocks_None', 'Passive Income_High'})"
0.25585149313962874,"frozenset({'Entrep. Activities_None', 'Livestocks_None', 'Other Income NEC_None', 'Passive Income_High'})"
0.23110034974441754,"frozenset({'Entrep. Activities_None', 'Passive Income_High', 'Logistics and Manufacturing_None'})"
0.22693032015065914,"frozenset({'Other Income NEC_None', 'Passive Income_High', 'Logistics and Manufacturing_None'})"
0.1984126984126984,"frozenset({'Livestocks_None', 'Passive Income_High', 'Logistics and Manufacturing_None'})"
0.21926284638149046,"frozenset({'Entrep. Activities_None', 'Other Income NEC_None', 'Passive Income_High', 'Logistics and Manufacturing_None'})"
0.19101425881086898,"frozenset({'Entrep. Activities_None', 'Livestocks_None', 'Passive Income_High', 'Logistics and Manufacturing_None'})"
0.1885929513048157,"frozenset({'Other Income NEC_None', 'Livestocks_None', 'Passive Income_High', 'Logistics and Manufacturing_None'})"
0.18213613128867367,"frozenset({'Other Income NEC_None', 'Logistics and Manufacturing_None', 'Livestocks_None', 'Passive Income_High', 'Entrep. Activities_None'})"
0.21078827011030402,"frozenset({'Other Income NEC_None', 'Passive Income_High', 'Farming_None'})"
0.21051923594296476,"frozenset({'Entrep. Activities_None', 'Passive Income_High', 'Farming_None'})"
0.19545332257196665,"frozenset({'Livestocks_None', 'Passive Income_High', 'Farming_None'})"
0.15119720204465967,"frozenset({'Passive Income_High', 'Farming_None', 'Logistics and Manufacturing_None'})"
0.20110304008609092,"frozenset({'Other Income NEC_None', 'Entrep. Activities_None', 'Passive Income_High', 'Farming_None'})"
0.18657519504977133,"frozenset({'Other Income NEC_None', 'Livestocks_None', 'Passive Income_High', 'Farming_None'})"
0.18576809254775356,"frozenset({'Entrep. Activities_None', 'Livestocks_None', 'Passive Income_High', 'Farming_None'})"
0.17783158461124562,"frozenset({'Other Income NEC_None', 'Livestocks_None', 'Passive Income_High', 'Farming_None', 'Entrep. Activities_None'})"
0.14447134786117838,"frozenset({'Other Income NEC_None', 'Passive Income_High', 'Farming_None', 'Logistics and Manufacturing_None'})"
0.14420231369383912,"frozenset({'Entrep. Activities_None', 'Passive Income_High', 'Farming_None', 'Logistics and Manufacturing_None'})"
0.13344094700026904,"frozenset({'Livestocks_None', 'Passive Income_High', 'Farming_None', 'Logistics and Manufacturing_None'})"
0.1384180790960452,"frozenset({'Other Income NEC_None', 'Logistics and Manufacturing_None', 'Passive Income_High', 'Farming_None', 'Entrep. Activities_None'})"
0.128060263653484,"frozenset({'Other Income NEC_None', 'Logistics and Manufacturing_None', 'Livestocks_None', 'Passive Income_High', 'Farming_None'})"
0.1271186440677966,"frozenset({'Logistics and Manufacturing_None', 'Livestocks_None', 'Passive Income_High', 'Farming_None', 'Entrep. Activities_None'})"
0.12267958030669895,"frozenset({'Other Income NEC_None', 'Logistics and Manufacturing_None', 'Livestocks_None', 'Passive Income_High', 'Farming_None', 'Entrep. Activities_None'})"
0.3290287866559053,"frozenset({'Entrep. Activities_None', 'Salaries/Wages_High'})"
0.327683615819209,"frozenset({'Other Income NEC_None', 'Salaries/Wages_High'})"
0.3228410008071025,"frozenset({'Salaries/Wages_High', 'Livestocks_None'})"
0.2999730965832661,"frozenset({'Salaries/Wages_High', 'Farming_None'})"
0.2576002152273339,"frozenset({'Salaries/Wages_High', 'Logistics and Manufacturing_None'})"
0.3182674199623352,"frozenset({'Entrep. Activities_None', 'Salaries/Wages_High', 'Other Income NEC_None'})"
0.3126177024482109,"frozenset({'Entrep. Activities_None', 'Salaries/Wages_High', 'Livestocks_None'})"
0.3116760828625235,"frozenset({'Other Income NEC_None', 'Salaries/Wages_High', 'Livestocks_None'})"
0.3026634382566586,"frozenset({'Entrep. Activities_None', 'Salaries/Wages_High', 'Other Income NEC_None', 'Livestocks_None'})"
0.29109496906107074,"frozenset({'Salaries/Wages_High', 'Farming_None', 'Livestocks_None'})"
0.2904223836427226,"frozenset({'Other Income NEC_None', 'Salaries/Wages_High', 'Farming_None'})"
0.29015334947538335,"frozenset({'Entrep. Activities_None', 'Salaries/Wages_High', 'Farming_None'})"
0.2819478073715362,"frozenset({'Other Income NEC_None', 'Salaries/Wages_High', 'Farming_None', 'Livestocks_None'})"
0.28167877320419693,"frozenset({'Entrep. Activities_None', 'Salaries/Wages_High', 'Farming_None', 'Livestocks_None'})"
0.2815442561205273,"frozenset({'Other Income NEC_None', 'Salaries/Wages_High', 'Entrep. Activities_None', 'Farming_None'})"
0.27347323110034977,"frozenset({'Other Income NEC_None', 'Livestocks_None', 'Farming_None', 'Entrep. Activities_None', 'Salaries/Wages_High'})"
0.25033629270917407,"frozenset({'Entrep. Activities_None', 'Salaries/Wages_High', 'Logistics and Manufacturing_None'})"
0.25020177562550444,"frozenset({'Other Income NEC_None', 'Salaries/Wages_High', 'Logistics and Manufacturing_None'})"
0.24616626311541565,"frozenset({'Salaries/Wages_High', 'Logistics and Manufacturing_None', 'Livestocks_None'})"
0.22733387140166803,"frozenset({'Salaries/Wages_High', 'Farming_None', 'Logistics and Manufacturing_None'})"
0.24361043852569275,"frozenset({'Entrep. Activities_None', 'Salaries/Wages_High', 'Other Income NEC_None', 'Logistics and Manufacturing_None'})"
0.2391713747645951,"frozenset({'Other Income NEC_None', 'Salaries/Wages_High', 'Logistics and Manufacturing_None', 'Livestocks_None'})"
0.23903685768092547,"frozenset({'Entrep. Activities_None', 'Salaries/Wages_High', 'Logistics and Manufacturing_None', 'Livestocks_None'})"
0.23271455474845304,"frozenset({'Other Income NEC_None', 'Logistics and Manufacturing_None', 'Livestocks_None', 'Entrep. Activities_None', 'Salaries/Wages_High'})"
0.2215496368038741,"frozenset({'Other Income NEC_None', 'Salaries/Wages_High', 'Farming_None', 'Logistics and Manufacturing_None'})"
0.2210115684691956,"frozenset({'Livestocks_None', 'Salaries/Wages_High', 'Farming_None', 'Logistics and Manufacturing_None'})"
0.22047350013451708,"frozenset({'Entrep. Activities_None', 'Salaries/Wages_High', 'Farming_None', 'Logistics and Manufacturing_None'})"
0.21549636803874092,"frozenset({'Other Income NEC_None', 'Logistics and Manufacturing_None', 'Livestocks_None', 'Farming_None', 'Salaries/Wages_High'})"
0.21522733387140167,"frozenset({'Other Income NEC_None', 'Logistics and Manufacturing_None', 'Farming_None', 'Entrep. Activities_None', 'Salaries/Wages_High'})"
0.21428571428571427,"frozenset({'Logistics and Manufacturing_None', 'Livestocks_None', 'Farming_None', 'Entrep. Activities_None', 'Salaries/Wages_High'})"
0.2093085821899381,"frozenset({'Other Income NEC_None', 'Logistics and Manufacturing_None', 'Livestocks_None', 'Farming_None', 'Entrep. Activities_None', 'Salaries/Wages_High'})"
0.30858218993812214,"frozenset({'Entrep. Activities_None', 'Cash Receipts_Medium'})"
0.30387409200968524,"frozenset({'Other Income NEC_None', 'Cash Receipts_Medium'})"
0.26163572773742266,"frozenset({'Livestocks_None', 'Cash Receipts_Medium'})"
0.2128060263653484,"frozenset({'Cash Receipts_Medium', 'Logistics and Manufacturing_None'})"
0.21253699219800914,"frozenset({'Cash Receipts_Medium', 'Farming_None'})"
0.11097659402744149,"frozenset({'Cash Receipts_Medium', 'Passive Income_High'})"
0.11904761904761904,"frozenset({'Cash Receipts_Medium', 'Passive Income_Medium'})"
0.12590799031476999,"frozenset({'Cash Receipts_Medium', 'Salaries/Wages_Medium'})"
0.2929782082324455,"frozenset({'Entrep. Activities_None', 'Cash Receipts_Medium', 'Other Income NEC_None'})"
0.25168146354587034,"frozenset({'Entrep. Activities_None', 'Livestocks_None', 'Cash Receipts_Medium'})"
0.24831853645412968,"frozenset({'Other Income NEC_None', 'Livestocks_None', 'Cash Receipts_Medium'})"
0.23957492601560398,"frozenset({'Entrep. Activities_None', 'Livestocks_None', 'Other Income NEC_None', 'Cash Receipts_Medium'})"
0.20594565509819748,"frozenset({'Entrep. Activities_None', 'Cash Receipts_Medium', 'Logistics and Manufacturing_None'})"
0.20217917675544794,"frozenset({'Other Income NEC_None', 'Cash Receipts_Medium', 'Logistics and Manufacturing_None'})"
0.17191283292978207,"frozenset({'Livestocks_None', 'Cash Receipts_Medium', 'Logistics and Manufacturing_None'})"
0.1962604250739844,"frozenset({'Entrep. Activities_None', 'Cash Receipts_Medium', 'Other Income NEC_None', 'Logistics and Manufacturing_None'})"
0.16666666666666666,"frozenset({'Entrep. Activities_None', 'Livestocks_None', 'Cash Receipts_Medium', 'Logistics and Manufacturing_None'})"
0.16370729082593488,"frozenset({'Other Income NEC_None', 'Livestocks_None', 'Cash Receipts_Medium', 'Logistics and Manufacturing_None'})"
0.15926822706483723,"frozenset({'Other Income NEC_None', 'Logistics and Manufacturing_None', 'Cash Receipts_Medium', 'Livestocks_None', 'Entrep. Activities_None'})"
0.20231369383911757,"frozenset({'Entrep. Activities_None', 'Cash Receipts_Medium', 'Farming_None'})"
0.20217917675544794,"frozenset({'Other Income NEC_None', 'Cash Receipts_Medium', 'Farming_None'})"
0.18630616088243207,"frozenset({'Livestocks_None', 'Farming_None', 'Cash Receipts_Medium'})"
0.13169222491256388,"frozenset({'Cash Receipts_Medium', 'Farming_None', 'Logistics and Manufacturing_None'})"
0.193166532149583,"frozenset({'Entrep. Activities_None', 'Cash Receipts_Medium', 'Other Income NEC_None', 'Farming_None'})"
0.17756255044390637,"frozenset({'Entrep. Activities_None', 'Livestocks_None', 'Farming_None', 'Cash Receipts_Medium'})"
0.17729351627656711,"frozenset({'Other Income NEC_None', 'Livestocks_None', 'Farming_None', 'Cash Receipts_Medium'})"
0.16962604250739843,"frozenset({'Other Income NEC_None', 'Cash Receipts_Medium', 'Livestocks_None', 'Farming_None', 'Entrep. Activities_None'})"
0.12590799031476999,"frozenset({'Entrep. Activities_None', 'Cash Receipts_Medium', 'Farming_None', 'Logistics and Manufacturing_None'})"
0.1249663707290826,"frozenset({'Other Income NEC_None', 'Cash Receipts_Medium', 'Farming_None', 'Logistics and Manufacturing_None'})"
0.11474307237019102,"frozenset({'Livestocks_None', 'Farming_None', 'Cash Receipts_Medium', 'Logistics and Manufacturing_None'})"
0.12012375571697606,"frozenset({'Other Income NEC_None', 'Logistics and Manufacturing_None', 'Cash Receipts_Medium', 'Farming_None', 'Entrep. Activities_None'})"
0.1100349744417541,"frozenset({'Logistics and Manufacturing_None', 'Cash Receipts_Medium', 'Livestocks_None', 'Farming_None', 'Entrep. Activities_None'})"
0.10909335485606672,"frozenset({'Other Income NEC_None', 'Logistics and Manufacturing_None', 'Livestocks_None', 'Cash Receipts_Medium', 'Farming_None'})"
0.10519235942964757,"frozenset({'Other Income NEC_None', 'Logistics and Manufacturing_None', 'Cash Receipts_Medium', 'Livestocks_None', 'Farming_None', 'Entrep. Activities_None'})"
0.10734463276836158,"frozenset({'Entrep. Activities_None', 'Cash Receipts_Medium', 'Passive Income_High'})"
0.10425073984396019,"frozenset({'Other Income NEC_None', 'Cash Receipts_Medium', 'Passive Income_High'})"
0.1007532956685499,"frozenset({'Entrep. Activities_None', 'Cash Receipts_Medium', 'Other Income NEC_None', 'Passive Income_High'})"
0.11487758945386065,"frozenset({'Entrep. Activities_None', 'Cash Receipts_Medium', 'Passive Income_Medium'})"
0.11299435028248588,"frozenset({'Other Income NEC_None', 'Cash Receipts_Medium', 'Passive Income_Medium'})"
0.1094969061070756,"frozenset({'Entrep. Activities_None', 'Cash Receipts_Medium', 'Other Income NEC_None', 'Passive Income_Medium'})"
0.12146892655367232,"frozenset({'Entrep. Activities_None', 'Cash Receipts_Medium', 'Salaries/Wages_Medium'})"
0.11824051654560129,"frozenset({'Other Income NEC_None', 'Cash Receipts_Medium', 'Salaries/Wages_Medium'})"
0.10505784234597794,"frozenset({'Livestocks_None', 'Salaries/Wages_Medium', 'Cash Receipts_Medium'})"
0.11460855528652139,"frozenset({'Entrep. Activities_None', 'Cash Receipts_Medium', 'Other Income NEC_None', 'Salaries/Wages_Medium'})"
0.10129136400322841,"frozenset({'Entrep. Activities_None', 'Livestocks_None', 'Salaries/Wages_Medium', 'Cash Receipts_Medium'})"
0.30347054075867635,"frozenset({'Entrep. Activities_None', 'Logistics and Manufacturing_High'})"
0.30199085283831045,"frozenset({'Other Income NEC_None', 'Logistics and Manufacturing_High'})"
0.27454936776970673,"frozenset({'Livestocks_None', 'Logistics and Manufacturing_High'})"
0.24656981436642453,"frozenset({'Farming_None', 'Logistics and Manufacturing_High'})"
0.10034974441754103,"frozenset({'Passive Income_High', 'Logistics and Manufacturing_High'})"
0.10371267150928168,"frozenset({'Passive Income_Medium', 'Logistics and Manufacturing_High'})"
0.10129136400322841,"frozenset({'Salaries/Wages_Medium', 'Logistics and Manufacturing_High'})"
0.10801721818670972,"frozenset({'Cash Receipts_Medium', 'Logistics and Manufacturing_High'})"
0.10425073984396019,"frozenset({'Cash Receipts_High', 'Logistics and Manufacturing_High'})"
0.28692493946731235,"frozenset({'Entrep. Activities_None', 'Other Income NEC_None', 'Logistics and Manufacturing_High'})"
0.26002152273338713,"frozenset({'Entrep. Activities_None', 'Livestocks_None', 'Logistics and Manufacturing_High'})"
0.259348937315039,"frozenset({'Other Income NEC_None', 'Livestocks_None', 'Logistics and Manufacturing_High'})"
0.24589722894807642,"frozenset({'Entrep. Activities_None', 'Livestocks_None', 'Other Income NEC_None', 'Logistics and Manufacturing_High'})"
0.23473231100349745,"frozenset({'Other Income NEC_None', 'Farming_None', 'Logistics and Manufacturing_High'})"
0.23325262308313155,"frozenset({'Entrep. Activities_None', 'Farming_None', 'Logistics and Manufacturing_High'})"
0.22235673930589184,"frozenset({'Livestocks_None', 'Farming_None', 'Logistics and Manufacturing_High'})"
0.2222222222222222,"frozenset({'Other Income NEC_None', 'Entrep. Activities_None', 'Farming_None', 'Logistics and Manufacturing_High'})"
0.21146085552865213,"frozenset({'Other Income NEC_None', 'Livestocks_None', 'Farming_None', 'Logistics and Manufacturing_High'})"
0.21011568469195588,"frozenset({'Entrep. Activities_None', 'Livestocks_None', 'Farming_None', 'Logistics and Manufacturing_High'})"
0.20002690341673393,"frozenset({'Other Income NEC_None', 'Logistics and Manufacturing_High', 'Livestocks_None', 'Farming_None', 'Entrep. Activities_None'})"
0.10263653483992467,"frozenset({'Entrep. Activities_None', 'Cash Receipts_Medium', 'Logistics and Manufacturing_High'})"
0.1016949152542373,"frozenset({'Other Income NEC_None', 'Cash Receipts_Medium', 'Logistics and Manufacturing_High'})"
0.11541565778853914,"frozenset({'Salaries/Wages_Low', 'Entrep. Activities_None'})"
0.11460855528652139,"frozenset({'Salaries/Wages_Low', 'Other Income NEC_None'})"
0.10909335485606672,"frozenset({'Salaries/Wages_Low', 'Entrep. Activities_None', 'Other Income NEC_None'})"
0.27804681194511705,"frozenset({'Entrep. Activities_None', 'Farming_High'})"
0.26768899650255584,"frozenset({'Other Income NEC_None', 'Farming_High'})"
0.20796341135324187,"frozenset({'Livestocks_None', 'Farming_High'})"
0.11514662362119989,"frozenset({'Farming_High', 'Passive Income_Medium'})"
0.21146085552865213,"frozenset({'Farming_High', 'Logistics and Manufacturing_None'})"
0.10828625235404897,"frozenset({'Cash Receipts_Medium', 'Farming_High'})"
0.11891310196394943,"frozenset({'Farming_High', 'Passive Income_High'})"
0.1038471885929513,"frozenset({'Cash Receipts_High', 'Farming_High'})"
0.26163572773742266,"frozenset({'Entrep. Activities_None', 'Other Income NEC_None', 'Farming_High'})"
0.20312079634113533,"frozenset({'Entrep. Activities_None', 'Livestocks_None', 'Farming_High'})"
0.19558783965563625,"frozenset({'Other Income NEC_None', 'Livestocks_None', 'Farming_High'})"
0.15577078288942695,"frozenset({'Livestocks_None', 'Farming_High', 'Logistics and Manufacturing_None'})"
0.1911487758945386,"frozenset({'Entrep. Activities_None', 'Livestocks_None', 'Other Income NEC_None', 'Farming_High'})"
0.15321495829970405,"frozenset({'Entrep. Activities_None', 'Livestocks_None', 'Farming_High', 'Logistics and Manufacturing_None'})"
0.14769975786924938,"frozenset({'Other Income NEC_None', 'Livestocks_None', 'Farming_High', 'Logistics and Manufacturing_None'})"
0.14527845036319612,"frozenset({'Other Income NEC_None', 'Farming_High', 'Logistics and Manufacturing_None', 'Livestocks_None', 'Entrep. Activities_None'})"
0.11259079903147699,"frozenset({'Entrep. Activities_None', 'Farming_High', 'Passive Income_Medium'})"
0.10963142319074523,"frozenset({'Other Income NEC_None', 'Farming_High', 'Passive Income_Medium'})"
0.1074791498520312,"frozenset({'Entrep. Activities_None', 'Other Income NEC_None', 'Farming_High', 'Passive Income_Medium'})"
0.20782889426957224,"frozenset({'Entrep. Activities_None', 'Farming_High', 'Logistics and Manufacturing_None'})"
0.2004304546677428,"frozenset({'Other Income NEC_None', 'Farming_High', 'Logistics and Manufacturing_None'})"
0.19693301049233253,"frozenset({'Entrep. Activities_None', 'Other Income NEC_None', 'Farming_High', 'Logistics and Manufacturing_None'})"
0.10626849609900457,"frozenset({'Entrep. Activities_None', 'Cash Receipts_Medium', 'Farming_High'})"
0.1016949152542373,"frozenset({'Other Income NEC_None', 'Cash Receipts_Medium', 'Farming_High'})"
0.11595372612321765,"frozenset({'Entrep. Activities_None', 'Farming_High', 'Passive Income_High'})"
0.10990045735808447,"frozenset({'Other Income NEC_None', 'Farming_High', 'Passive Income_High'})"
0.10694108151735271,"frozenset({'Entrep. Activities_None', 'Other Income NEC_None', 'Farming_High', 'Passive Income_High'})"
0.10115684691955878,"frozenset({'Entrep. Activities_None', 'Cash Receipts_High', 'Farming_High'})"
0.3259348937315039,"frozenset({'Entrep. Activities_None', 'Cash Receipts_High'})"
0.324455205811138,"frozenset({'Other Income NEC_None', 'Cash Receipts_High'})"
0.28894269572235676,"frozenset({'Livestocks_None', 'Cash Receipts_High'})"
0.2360774818401937,"frozenset({'Cash Receipts_High', 'Farming_None'})"
0.23567393058918482,"frozenset({'Cash Receipts_High', 'Logistics and Manufacturing_None'})"
0.15563626580575732,"frozenset({'Cash Receipts_High', 'Passive Income_High'})"
0.31127253161151464,"frozenset({'Entrep. Activities_None', 'Other Income NEC_None', 'Cash Receipts_High'})"
0.2764326069410815,"frozenset({'Entrep. Activities_None', 'Livestocks_None', 'Cash Receipts_High'})"
0.2762980898574119,"frozenset({'Other Income NEC_None', 'Livestocks_None', 'Cash Receipts_High'})"
0.2645951035781544,"frozenset({'Entrep. Activities_None', 'Livestocks_None', 'Other Income NEC_None', 'Cash Receipts_High'})"
0.2271993543179984,"frozenset({'Other Income NEC_None', 'Cash Receipts_High', 'Farming_None'})"
0.2247780468119451,"frozenset({'Entrep. Activities_None', 'Cash Receipts_High', 'Farming_None'})"
0.21199892386333063,"frozenset({'Livestocks_None', 'Cash Receipts_High', 'Farming_None'})"
0.21657250470809794,"frozenset({'Other Income NEC_None', 'Entrep. Activities_None', 'Cash Receipts_High', 'Farming_None'})"
0.20446596717783158,"frozenset({'Other Income NEC_None', 'Livestocks_None', 'Cash Receipts_High', 'Farming_None'})"
0.2015065913370998,"frozenset({'Entrep. Activities_None', 'Livestocks_None', 'Cash Receipts_High', 'Farming_None'})"
0.1946462200699489,"frozenset({'Other Income NEC_None', 'Livestocks_None', 'Cash Receipts_High', 'Farming_None', 'Entrep. Activities_None'})"
0.22679580306698952,"frozenset({'Entrep. Activities_None', 'Cash Receipts_High', 'Logistics and Manufacturing_None'})"
0.22652676889965026,"frozenset({'Other Income NEC_None', 'Cash Receipts_High', 'Logistics and Manufacturing_None'})"
0.20083400591875167,"frozenset({'Livestocks_None', 'Cash Receipts_High', 'Logistics and Manufacturing_None'})"
0.16101694915254236,"frozenset({'Cash Receipts_High', 'Farming_None', 'Logistics and Manufacturing_None'})"
0.2184557438794727,"frozenset({'Entrep. Activities_None', 'Other Income NEC_None', 'Cash Receipts_High', 'Logistics and Manufacturing_None'})"
0.19410815173527038,"frozenset({'Other Income NEC_None', 'Livestocks_None', 'Cash Receipts_High', 'Logistics and Manufacturing_None'})"
0.19276298089857413,"frozenset({'Entrep. Activities_None', 'Livestocks_None', 'Cash Receipts_High', 'Logistics and Manufacturing_None'})"
0.18684422921711058,"frozenset({'Other Income NEC_None', 'Logistics and Manufacturing_None', 'Livestocks_None', 'Cash Receipts_High', 'Entrep. Activities_None'})"
0.1565778853914447,"frozenset({'Other Income NEC_None', 'Cash Receipts_High', 'Farming_None', 'Logistics and Manufacturing_None'})"
0.15375302663438256,"frozenset({'Entrep. Activities_None', 'Cash Receipts_High', 'Farming_None', 'Logistics and Manufacturing_None'})"
0.14487489911218726,"frozenset({'Livestocks_None', 'Cash Receipts_High', 'Farming_None', 'Logistics and Manufacturing_None'})"
0.14998654829163305,"frozenset({'Other Income NEC_None', 'Logistics and Manufacturing_None', 'Cash Receipts_High', 'Farming_None', 'Entrep. Activities_None'})"
0.14164648910411623,"frozenset({'Other Income NEC_None', 'Logistics and Manufacturing_None', 'Livestocks_None', 'Cash Receipts_High', 'Farming_None'})"
0.13801452784503632,"frozenset({'Logistics and Manufacturing_None', 'Livestocks_None', 'Cash Receipts_High', 'Farming_None', 'Entrep. Activities_None'})"
0.13545870325531342,"frozenset({'Other Income NEC_None', 'Logistics and Manufacturing_None', 'Livestocks_None', 'Cash Receipts_High', 'Farming_None', 'Entrep. Activities_None'})"
0.14904492870594566,"frozenset({'Entrep. Activities_None', 'Cash Receipts_High', 'Passive Income_High'})"
0.14689265536723164,"frozenset({'Other Income NEC_None', 'Cash Receipts_High', 'Passive Income_High'})"
0.1306160882432069,"frozenset({'Livestocks_None', 'Cash Receipts_High', 'Passive Income_High'})"
0.11138014527845036,"frozenset({'Cash Receipts_High', 'Passive Income_High', 'Logistics and Manufacturing_None'})"
0.1007532956685499,"frozenset({'Cash Receipts_High', 'Farming_None', 'Passive Income_High'})"
0.1409739036857681,"frozenset({'Entrep. Activities_None', 'Other Income NEC_None', 'Cash Receipts_High', 'Passive Income_High'})"
0.12456281947807371,"frozenset({'Entrep. Activities_None', 'Livestocks_None', 'Cash Receipts_High', 'Passive Income_High'})"
0.12375571697605596,"frozenset({'Other Income NEC_None', 'Livestocks_None', 'Cash Receipts_High', 'Passive Income_High'})"
0.11837503362927092,"frozenset({'Other Income NEC_None', 'Livestocks_None', 'Cash Receipts_High', 'Passive Income_High', 'Entrep. Activities_None'})"
0.10667204735001345,"frozenset({'Entrep. Activities_None', 'Cash Receipts_High', 'Passive Income_High', 'Logistics and Manufacturing_None'})"
0.10586494484799569,"frozenset({'Other Income NEC_None', 'Cash Receipts_High', 'Passive Income_High', 'Logistics and Manufacturing_None'})"
0.10182943233790691,"frozenset({'Other Income NEC_None', 'Logistics and Manufacturing_None', 'Cash Receipts_High', 'Passive Income_High', 'Entrep. Activities_None'})"
0.1466236211998924,"frozenset({'Livestocks_High', 'Entrep. Activities_None'})"
0.14285714285714285,"frozenset({'Livestocks_High', 'Other Income NEC_None'})"
0.10599946193166532,"frozenset({'Livestocks_High', 'Logistics and Manufacturing_None'})"
0.13855259617971483,"frozenset({'Livestocks_High', 'Entrep. Activities_None', 'Other Income NEC_None'})"
0.10317460317460317,"frozenset({'Livestocks_High', 'Entrep. Activities_None', 'Logistics and Manufacturing_None'})"
0.1002152273338714,"frozenset({'Livestocks_High', 'Other Income NEC_None', 'Logistics and Manufacturing_None'})"
0.20083400591875167,"frozenset({'Other Income NEC_None', 'Salaries/Wages_None'})"
0.20029593758407319,"frozenset({'Entrep. Activities_None', 'Salaries/Wages_None'})"
0.11891310196394943,"frozenset({'Salaries/Wages_None', 'Logistics and Manufacturing_None'})"
0.11824051654560129,"frozenset({'Salaries/Wages_None', 'Farming_None'})"
0.15644336830777508,"frozenset({'Livestocks_None', 'Salaries/Wages_None'})"
0.10129136400322841,"frozenset({'Cash Receipts_High', 'Salaries/Wages_None'})"
0.19249394673123488,"frozenset({'Other Income NEC_None', 'Entrep. Activities_None', 'Salaries/Wages_None'})"
0.11447403820285176,"frozenset({'Other Income NEC_None', 'Salaries/Wages_None', 'Logistics and Manufacturing_None'})"
0.11407048695184288,"frozenset({'Entrep. Activities_None', 'Salaries/Wages_None', 'Logistics and Manufacturing_None'})"
0.1100349744417541,"frozenset({'Other Income NEC_None', 'Entrep. Activities_None', 'Salaries/Wages_None', 'Logistics and Manufacturing_None'})"
0.11407048695184288,"frozenset({'Other Income NEC_None', 'Salaries/Wages_None', 'Farming_None'})"
0.11097659402744149,"frozenset({'Entrep. Activities_None', 'Salaries/Wages_None', 'Farming_None'})"
0.10734463276836158,"frozenset({'Other Income NEC_None', 'Entrep. Activities_None', 'Salaries/Wages_None', 'Farming_None'})"
0.14998654829163305,"frozenset({'Other Income NEC_None', 'Livestocks_None', 'Salaries/Wages_None'})"
0.1487758945386064,"frozenset({'Entrep. Activities_None', 'Livestocks_None', 'Salaries/Wages_None'})"
0.14285714285714285,"frozenset({'Other Income NEC_None', 'Livestocks_None', 'Entrep. Activities_None', 'Salaries/Wages_None'})"
0.23580844767285444,"frozenset({'Other Income NEC_None', 'Passive Income_Low'})"
0.23459779391982782,"frozenset({'Entrep. Activities_None', 'Passive Income_Low'})"
0.21966639763249932,"frozenset({'Livestocks_None', 'Passive Income_Low'})"
0.2009685230024213,"frozenset({'Farming_None', 'Passive Income_Low'})"
0.15671240247511434,"frozenset({'Passive Income_Low', 'Logistics and Manufacturing_None'})"
0.1053268765133172,"frozenset({'Salaries/Wages_High', 'Passive Income_Low'})"
0.22679580306698952,"frozenset({'Other Income NEC_None', 'Entrep. Activities_None', 'Passive Income_Low'})"
0.21146085552865213,"frozenset({'Other Income NEC_None', 'Livestocks_None', 'Passive Income_Low'})"
0.21092278719397364,"frozenset({'Entrep. Activities_None', 'Livestocks_None', 'Passive Income_Low'})"
0.2033898305084746,"frozenset({'Other Income NEC_None', 'Livestocks_None', 'Entrep. Activities_None', 'Passive Income_Low'})"
0.19451170298627926,"frozenset({'Other Income NEC_None', 'Farming_None', 'Passive Income_Low'})"
0.192090395480226,"frozenset({'Entrep. Activities_None', 'Farming_None', 'Passive Income_Low'})"
0.18657519504977133,"frozenset({'Livestocks_None', 'Farming_None', 'Passive Income_Low'})"
0.18630616088243207,"frozenset({'Other Income NEC_None', 'Entrep. Activities_None', 'Farming_None', 'Passive Income_Low'})"
0.18038740920096852,"frozenset({'Other Income NEC_None', 'Livestocks_None', 'Farming_None', 'Passive Income_Low'})"
0.17836965294592413,"frozenset({'Entrep. Activities_None', 'Livestocks_None', 'Farming_None', 'Passive Income_Low'})"
0.17285445251546946,"frozenset({'Other Income NEC_None', 'Livestocks_None', 'Farming_None', 'Passive Income_Low', 'Entrep. Activities_None'})"
0.15240785579768631,"frozenset({'Other Income NEC_None', 'Passive Income_Low', 'Logistics and Manufacturing_None'})"
0.15106268496099004,"frozenset({'Entrep. Activities_None', 'Passive Income_Low', 'Logistics and Manufacturing_None'})"
0.13949421576540222,"frozenset({'Livestocks_None', 'Passive Income_Low', 'Logistics and Manufacturing_None'})"
0.12429378531073447,"frozenset({'Farming_None', 'Passive Income_Low', 'Logistics and Manufacturing_None'})"
0.14689265536723164,"frozenset({'Other Income NEC_None', 'Entrep. Activities_None', 'Passive Income_Low', 'Logistics and Manufacturing_None'})"
0.1353241861716438,"frozenset({'Other Income NEC_None', 'Livestocks_None', 'Passive Income_Low', 'Logistics and Manufacturing_None'})"
0.13451708366962603,"frozenset({'Entrep. Activities_None', 'Livestocks_None', 'Passive Income_Low', 'Logistics and Manufacturing_None'})"
0.13048157115953726,"frozenset({'Other Income NEC_None', 'Logistics and Manufacturing_None', 'Livestocks_None', 'Passive Income_Low', 'Entrep. Activities_None'})"
0.12093085821899381,"frozenset({'Other Income NEC_None', 'Farming_None', 'Passive Income_Low', 'Logistics and Manufacturing_None'})"
0.1193166532149583,"frozenset({'Entrep. Activities_None', 'Farming_None', 'Passive Income_Low', 'Logistics and Manufacturing_None'})"
0.11501210653753027,"frozenset({'Livestocks_None', 'Farming_None', 'Passive Income_Low', 'Logistics and Manufacturing_None'})"
0.11608824320688728,"frozenset({'Other Income NEC_None', 'Logistics and Manufacturing_None', 'Farming_None', 'Passive Income_Low', 'Entrep. Activities_None'})"
0.11178369652945924,"frozenset({'Other Income NEC_None', 'Logistics and Manufacturing_None', 'Livestocks_None', 'Farming_None', 'Passive Income_Low'})"
0.11043852569276298,"frozenset({'Logistics and Manufacturing_None', 'Livestocks_None', 'Farming_None', 'Passive Income_Low', 'Entrep. Activities_None'})"
0.10734463276836158,"frozenset({'Other Income NEC_None', 'Logistics and Manufacturing_None', 'Livestocks_None', 'Farming_None', 'Passive Income_Low', 'Entrep. Activities_None'})"
0.1027710519235943,"frozenset({'Entrep. Activities_None', 'Salaries/Wages_High', 'Passive Income_Low'})"
0.10236750067258542,"frozenset({'Other Income NEC_None', 'Salaries/Wages_High', 'Passive Income_Low'})"
0.10196394942157654,"frozenset({'Salaries/Wages_High', 'Passive Income_Low', 'Livestocks_None'})"
0.10008071025020178,"frozenset({'Entrep. Activities_None', 'Salaries/Wages_High', 'Other Income NEC_None', 'Passive Income_Low'})"
